﻿"Cube Title","Product Id","CANSIM Id",URL,"Cube Notes","Archive Status",Frequency,"Start Reference Period","End Reference Period","Total number of dimensions"
"Gross domestic product (GDP) at basic prices, by industry","36100401","379-0029","https://www150.statcan.gc.ca/t1/tbl1/en/tv.action?pid=3610040101",1;73;77;84,"CURRENT - a cube available to the public and that is current","Annual","1997-01-01","2019-01-01","2",

"Dimension ID","Dimension name","Dimension Notes","Dimension Definitions"
"1","Geography",,""
"2","North American Industry Classification System (NAICS)",77,""

"Dimension ID","Member Name","Classification Code","Member ID","Parent Member ID",Terminated,"Member Notes","Member Definitions"
"1","Canada","[11124]","1","","",,
"2","Goods-producing industries","[T002]","2","1","",6,
"2","Service-producing industries","[T003]","3","1","",7,
"2","Industrial production","[T010]","4","1","",8,
"2","Non-durable manufacturing industries","[T011]","5","1","",9,
"2","Durable manufacturing industries","[T012]","6","1","",10,
"2","Information and communication technology sector","[T013]","7","1","",11,
"2","Energy sector","[T016]","10","1","",14,
"2","Agriculture, forestry, fishing and hunting","[11]","11","1","",,
"2","Mining, quarrying, and oil and gas extraction","[21]","22","1","",,
"2","Utilities","[22]","42","1","",,
"2","Construction","[23]","47","1","",,
"2","Manufacturing","[31-33]","58","1","",,
"2","Wholesale trade","[41]","162","1","",,
"2","Retail trade","[44-45]","172","1","",,
"2","Transportation and warehousing","[48-49]","185","1","",,
"2","Information and cultural industries","[51]","202","1","",,
"2","Finance and insurance","[52]","217","1","",,
"2","Real estate and rental and leasing","[53]","228","1","",,
"2","Professional, scientific and technical services","[54]","237","1","",,
"2","Management of companies and enterprises","[55]","249","1","",,
"2","Administrative and support, waste management and remediation services","[56]","250","1","",,
"2","Educational services","[61]","260","1","",,
"2","Health care and social assistance","[62]","266","1","",,
"2","Arts, entertainment and recreation","[71]","275","1","",,
"2","Accommodation and food services","[72]","280","1","",,
"2","Other services (except public administration)","[81]","285","1","",,
"2","Public administration","[91]","298","1","",,
"2","Public sector","[T018]","308","1","",64,
"2","All industries (except cannabis sector)","[T020]","321","1","",75,
"2","Cannabis sector","[T021]","322","1","",76,
"2","All industries (except unlicensed cannabis sector)","[T024]","325","1","",94,
"2","Retail trade (except cannabis)","[4AA]","336","1","",82,
"2","Retail trade (except unlicensed cannabis)","[4AZ]","337","1","",83,
"2","Information and communication technology, manufacturing","[T014]","8","7","",12,
"2","Information and communication technology, services","[T015]","9","7","",13,
"2","Crop and animal production","[11A]","12","11","",15,
"2","Forestry and logging","[113]","17","11","",,
"2","Fishing, hunting and trapping","[114]","18","11","",,
"2","Support activities for agriculture and forestry","[115]","19","11","",,
"2","Crop production","[111]","13","12","",,
"2","Animal production and aquaculture","[112]","16","12","",,
"2","Crop production (except unlicensed cannabis)","[111Y]","330","12","",81,
"2","Crop production (except cannabis)","[111X]","326","13","",79,
"2","Cannabis production","[111C]","327","13","",80,
"2","Aquaculture","[1125]","306","16","",62,
"2","Animal production (except aquaculture)","[112A]","307","16","",62;63,
"2","Support activities for forestry","[1153]","20","19","",,
"2","Support activities for crop and animal production","[115A]","21","19","",17,
"2","Oil and gas extraction","[211]","23","22","",,
"2","Mining and quarrying (except oil and gas)","[212]","26","22","",,
"2","Support activities for mining, and oil and gas extraction","[213]","39","22","",,
"2","Oil and gas extraction (except oil sands)","[21111]","24","23","",85,
"2","Oil sands extraction","[21114]","25","23","",86,
"2","Coal mining","[2121]","27","26","",,
"2","Metal ore mining","[2122]","28","26","",,
"2","Non-metallic mineral mining and quarrying","[2123]","33","26","",,
"2","Iron ore mining","[21221]","29","28","",,
"2","Gold and silver ore mining","[21222]","30","28","",,
"2","Copper, nickel, lead and zinc ore mining","[21223]","31","28","",,
"2","Other metal ore mining","[21229]","32","28","",,
"2","Stone mining and quarrying","[21231]","34","33","",,
"2","Sand, gravel, clay, and ceramic and refractory minerals mining and quarrying","[21232]","35","33","",,
"2","Other non-metallic mineral mining and quarrying","[21239]","309","33","",,
"2","Support activities for oil and gas extraction","[21311A]","40","39","",19,
"2","Support activities for mining","[21311B]","41","39","",20,
"2","Electric power generation, transmission and distribution","[2211]","43","42","",,
"2","Natural gas distribution, water, sewage and other systems","[221A]","44","42","",21,
"2","Natural gas distribution","[2212]","45","44","",,
"2","Water, sewage and other systems","[2213]","46","44","",,
"2","Residential building construction","[23A]","48","47","",22,
"2","Non-residential building construction","[23B]","49","47","",22,
"2","Repair construction","[23D]","56","47","",22,
"2","Engineering and other construction activities","[23X]","310","47","",65,
"2","Transportation engineering construction","[23C1]","51","50","",22,
"2","Oil and gas engineering construction","[23C2]","52","50","",22,
"2","Electric power engineering construction","[23C3]","53","50","",22,
"2","Communication engineering construction","[23C4]","54","50","",22,
"2","Other engineering construction","[23C5]","55","50","",22,
"2","Food manufacturing","[311]","59","58","",,
"2","Beverage and tobacco product manufacturing","[312]","70","58","",,
"2","Textile and textile product mills","[31A]","75","58","",25,
"2","Clothing and leather and allied product manufacturing","[31B]","76","58","",26,
"2","Wood product manufacturing","[321]","77","58","",,
"2","Paper manufacturing","[322]","81","58","",,
"2","Printing and related support activities","[323]","84","58","",,
"2","Petroleum and coal product manufacturing","[324]","85","58","",,
"2","Chemical manufacturing","[325]","88","58","",,
"2","Plastics and rubber products manufacturing","[326]","97","58","",,
"2","Non-metallic mineral product manufacturing","[327]","100","58","",,
"2","Primary metal manufacturing","[331]","103","58","",,
"2","Fabricated metal product manufacturing","[332]","109","58","",,
"2","Machinery manufacturing","[333]","118","58","",,
"2","Computer and electronic product manufacturing","[334]","127","58","",,
"2","Electrical equipment, appliance and component manufacturing","[335]","132","58","",,
"2","Transportation equipment manufacturing","[336]","137","58","",,
"2","Furniture and related product manufacturing","[337]","155","58","",,
"2","Miscellaneous manufacturing","[339]","159","58","",,
"2","Animal food manufacturing","[3111]","60","59","",,
"2","Sugar and confectionery product manufacturing","[3113]","61","59","",,
"2","Fruit and vegetable preserving and specialty food manufacturing","[3114]","62","59","",,
"2","Dairy product manufacturing","[3115]","63","59","",,
"2","Meat product manufacturing","[3116]","64","59","",,
"2","Seafood product preparation and packaging","[3117]","65","59","",,
"2","Miscellaneous food manufacturing","[311A]","66","59","",23,
"2","Grain and oilseed milling","[3112]","67","66","",,
"2","Bakeries and tortilla manufacturing","[3118]","68","66","",,
"2","Other food manufacturing","[3119]","69","66","",,
"2","Soft drink and ice manufacturing","[31211]","71","70","",,
"2","Breweries","[31212]","72","70","",,
"2","Wineries and distilleries","[3121A]","73","70","",24,
"2","Tobacco manufacturing","[3122]","74","70","",,
"2","Sawmills and wood preservation","[3211]","78","77","",,
"2","Veneer, plywood and engineered wood product manufacturing","[3212]","79","77","",,
"2","Other wood product manufacturing","[3219]","80","77","",,
"2","Pulp, paper and paperboard mills","[3221]","82","81","",,
"2","Converted paper product manufacturing","[3222]","83","81","",,
"2","Petroleum refineries","[32411]","86","85","",,
"2","Petroleum and coal product manufacturing (except petroleum refineries)","[3241A]","87","85","",27,
"2","Basic chemical manufacturing","[3251]","89","88","",,
"2","Resin, synthetic rubber, and artificial and synthetic fibres and filaments manufacturing","[3252]","90","88","",,
"2","Pesticide, fertilizer and other agricultural chemical manufacturing","[3253]","91","88","",,
"2","Pharmaceutical and medicine manufacturing","[3254]","92","88","",,
"2","Miscellaneous chemical product manufacturing","[325A]","93","88","",28,
"2","Resin, synthetic rubber and fibres, and paint manufacturing","[325B]","311","88","",66,
"2","Paint, coating and adhesive manufacturing","[3255]","94","93","",,
"2","Soap, cleaning compound and toilet preparation manufacturing","[3256]","95","93","",,
"2","Other chemical product manufacturing","[3259]","96","93","",,
"2","Plastic product manufacturing","[3261]","98","97","",,
"2","Rubber product manufacturing","[3262]","99","97","",,
"2","Cement and concrete product manufacturing","[3273]","101","100","",,
"2","Non-metallic mineral product manufacturing (except cement and concrete products)","[327A]","102","100","",29,
"2","Iron and steel mills and ferro-alloy manufacturing","[3311]","104","103","",,
"2","Steel product manufacturing from purchased steel","[3312]","105","103","",,
"2","Alumina and aluminum production and processing","[3313]","106","103","",,
"2","Non-ferrous metal (except aluminum) production and processing","[3314]","107","103","",,
"2","Foundries","[3315]","108","103","",,
"2","Forging and stamping","[3321]","110","109","",,
"2","Architectural and structural metals manufacturing","[3323]","111","109","",,
"2","Boiler, tank and shipping container manufacturing","[3324]","112","109","",,
"2","Hardware manufacturing","[3325]","113","109","",,
"2","Spring and wire product manufacturing","[3326]","114","109","",,
"2","Machine shops, turned product, and screw, nut and bolt manufacturing","[3327]","115","109","",,
"2","Coating, engraving, cold and heat treating and allied activities","[3328]","116","109","",,
"2","Cutlery, hand tools and other fabricated metal product manufacturing","[332A]","117","109","",30,
"2","Agricultural, construction and mining machinery manufacturing","[3331]","119","118","",,
"2","Industrial, commercial and service industry machinery manufacturing","[333A]","120","118","",31,
"2","Ventilation, heating, air-conditioning and commercial refrigeration equipment manufacturing","[3334]","123","118","",,
"2","Metalworking machinery manufacturing","[3335]","124","118","",,
"2","Engine, turbine and power transmission equipment manufacturing","[3336]","125","118","",,
"2","Other general-purpose machinery manufacturing","[3339]","126","118","",,
"2","Industrial machinery manufacturing","[3332]","121","120","",,
"2","Commercial and service industry machinery manufacturing","[3333]","122","120","",,
"2","Computer and peripheral equipment manufacturing","[3341]","128","127","",,
"2","Communications equipment manufacturing","[3342]","129","127","",,
"2","Semiconductor and other electronic component manufacturing","[3344]","130","127","",,
"2","Other electronic product manufacturing","[334A]","131","127","",32,
"2","Electric lighting equipment manufacturing","[3351]","133","132","",,
"2","Household appliance manufacturing","[3352]","134","132","",,
"2","Electrical equipment manufacturing","[3353]","135","132","",,
"2","Other electrical equipment and component manufacturing","[3359]","136","132","",,
"2","Aerospace product and parts manufacturing","[3364]","151","137","",,
"2","Railroad rolling stock manufacturing","[3365]","152","137","",,
"2","Ship and boat building","[3366]","153","137","",,
"2","Other transportation equipment manufacturing","[3369]","154","137","",,
"2","Motor vehicles and parts manufacturing","[336Y]","312","137","",67,
"2","Automobile and light-duty motor vehicle manufacturing","[33611]","139","138","",,
"2","Heavy-duty truck manufacturing","[33612]","140","138","",,
"2","Motor vehicle gasoline engine and engine parts manufacturing","[33631]","143","142","",,
"2","Motor vehicle electrical and electronic equipment manufacturing","[33632]","144","142","",,
"2","Motor vehicle steering and suspension components (except spring) manufacturing","[33633]","145","142","",,
"2","Motor vehicle brake system manufacturing","[33634]","146","142","",,
"2","Motor vehicle transmission and power train parts manufacturing","[33635]","147","142","",,
"2","Motor vehicle seating and interior trim manufacturing","[33636]","148","142","",,
"2","Motor vehicle metal stamping","[33637]","149","142","",,
"2","Other motor vehicle parts manufacturing","[33639]","150","142","",,
"2","Household and institutional furniture and kitchen cabinet manufacturing","[3371]","156","155","",,
"2","Office furniture (including fixtures) manufacturing","[3372]","157","155","",,
"2","Other furniture-related product manufacturing","[3379]","158","155","",,
"2","Medical equipment and supplies manufacturing","[3391]","160","159","",,
"2","Other miscellaneous manufacturing","[3399]","161","159","",,
"2","Farm product merchant wholesalers","[411]","163","162","",,
"2","Petroleum and petroleum products merchant wholesalers","[412]","164","162","",,
"2","Food, beverage and tobacco merchant wholesalers","[413]","165","162","",,
"2","Personal and household goods merchant wholesalers","[414]","166","162","",,
"2","Motor vehicle and motor vehicle parts and accessories merchant wholesalers","[415]","167","162","",,
"2","Building material and supplies merchant wholesalers","[416]","168","162","",,
"2","Machinery, equipment and supplies merchant wholesalers","[417]","169","162","",,
"2","Miscellaneous merchant wholesalers","[418]","170","162","",,
"2","Business-to-business electronic markets, and agents and brokers","[419]","171","162","",,
"2","Motor vehicle and parts dealers","[441]","173","172","",,
"2","Furniture and home furnishings stores","[442]","174","172","",,
"2","Electronics and appliance stores","[443]","175","172","",,
"2","Building material and garden equipment and supplies dealers","[444]","176","172","",,
"2","Food and beverage stores","[445]","177","172","",,
"2","Health and personal care stores","[446]","178","172","",,
"2","Gasoline stations","[447]","179","172","",,
"2","Clothing and clothing accessories stores","[448]","180","172","",,
"2","Sporting goods, hobby, book and music stores","[451]","181","172","",,
"2","General merchandise stores","[452]","182","172","",,
"2","Miscellaneous store retailers","[453]","183","172","",,
"2","Non-store retailers","[454]","184","172","",,
"2","Miscellaneous store retailers (except unlicensed cannabis)","[453X]","335","172","",74,
"2","Miscellaneous store retailers (except cannabis)","[453A]","331","183","",87;95,
"2","Cannabis stores","[453B]","332","183","",78,
"2","Air transportation","[481]","186","185","",,
"2","Rail transportation","[482]","187","185","",,
"2","Water transportation","[483]","188","185","",,
"2","Truck transportation","[484]","189","185","",,
"2","Transit, ground passenger and scenic and sightseeing transportation","[48Z]","190","185","",33,
"2","Support activities for transportation","[488]","194","185","",,
"2","Pipeline transportation","[486]","195","185","",,
"2","Postal service, couriers and messengers","[49A]","198","185","",36,
"2","Warehousing and storage","[493]","201","185","",,
"2","Urban transit systems","[4851]","191","190","",,
"2","Taxi and limousine service","[4853]","192","190","",,
"2","Other transit and ground passenger transportation and scenic and sightseeing transportation","[48A]","193","190","",34,
"2","Pipeline transportation of natural gas","[4862]","196","195","",,
"2","Crude oil and other pipeline transportation","[486A]","197","195","",35,
"2","Postal service","[491]","199","198","",,
"2","Couriers and messengers","[492]","200","198","",,
"2","Publishing industries","[511]","203","202","",,
"2","Motion picture and sound recording industries","[512]","207","202","",,
"2","Broadcasting (except Internet)","[515]","211","202","",,
"2","Telecommunications","[517]","214","202","",,
"2","Data processing, hosting, and related services","[518]","215","202","",,
"2","Other information services","[519]","216","202","",,
"2","Pay and specialty television, telecommunications and other information services","[51A]","314","202","",68,
"2","Software publishers","[5112]","206","203","",,
"2","Newspaper, periodical, book and directory publishers","[5111]","313","203","",,
"2","Motion picture and video exhibition","[51213]","208","207","",,
"2","Motion picture and video industries (except exhibition)","[5121A]","209","207","",38,
"2","Sound recording industries","[5122]","210","207","",,
"2","Radio and television broadcasting","[5151]","212","211","",,
"2","Pay and specialty television","[5152]","213","211","",,
"2","Depository credit intermediation and monetary authorities","[52B]","218","217","",39,
"2","Credit intermediation and monetary authorities","[52X]","315","217","",69,
"2","Insurance carriers","[5241]","225","224","",,
"2","Agencies, brokerages and other insurance related activities","[5242]","226","224","",,
"2","Real estate","[531]","229","228","",,
"2","Rental and leasing services","[532]","233","228","",,
"2","Lessors of non-financial intangible assets (except copyrighted works)","[533]","236","228","",,
"2","Rental and leasing services (except automotive equipment) and lessors of non-financial intangible assets (except copyrighted works)","[53A]","319","228","",71,
"2","Lessors of real estate","[5311]","230","229","",,
"2","Owner-occupied dwellings","[5311A]","231","229","",43,
"2","Offices of real estate agents and brokers and activities related to real estate","[531A]","232","229","",44,
"2","Automotive equipment rental and leasing","[5321]","234","233","",,
"2","Rental and leasing services (except automotive equipment)","[532A]","235","233","",45,
"2","Legal, accounting and related services","[541A]","238","237","",46,
"2","Architectural, engineering and related services","[5413]","241","237","",,
"2","Other professional, scientific and technical services including scientific research and development","[541B]","242","237","",47,
"2","Computer systems design and related services","[5415]","247","237","",,
"2","Advertising, public relations, and related services","[5418]","248","237","",,
"2","Legal services","[5411]","239","238","",,
"2","Accounting, tax preparation, bookkeeping and payroll services","[5412]","240","238","",,
"2","Specialized design services","[5414]","243","242","",,
"2","Management, scientific and technical consulting services","[5416]","244","242","",,
"2","Scientific research and development services","[5417]","245","242","",,
"2","Other professional, scientific and technical services","[5419]","246","242","",,
"2","Administrative and support services","[561]","251","250","",,
"2","Waste management and remediation services","[562]","259","250","",,
"2","Travel arrangement and reservation services","[5615]","255","251","",,
"2","Investigation and security services","[5616]","256","251","",,
"2","Services to buildings and dwellings","[5617]","257","251","",,
"2","Other administrative and support services","[561B]","320","251","",72,
"2","Universities","[6113]","261","260","",,
"2","Educational services (except universities)","[611B]","262","260","",49,
"2","Elementary and secondary schools","[6111]","263","262","",,
"2","Community colleges and C.E.G.E.P.s","[6112]","264","262","",,
"2","Other educational services","[611A]","265","262","",50,
"2","Health care","[62X]","267","266","",51,
"2","Social assistance","[624]","274","266","",,
"2","Ambulatory health care services","[621]","268","267","",,
"2","Hospitals","[622]","272","267","",,
"2","Nursing and residential care facilities","[623]","273","267","",,
"2","Offices of physicians","[6211]","269","268","",,
"2","Offices of dentists","[6212]","270","268","",,
"2","Miscellaneous ambulatory health care services","[621A]","271","268","",52,
"2","Performing arts, spectator sports and related industries, and heritage institutions","[71A]","276","275","",53,
"2","Amusement, gambling and recreation industries","[713]","277","275","",,
"2","Gambling industries","[7132]","278","277","",,
"2","Amusement and recreation industries","[713A]","279","277","",54,
"2","Accommodation services","[721]","281","280","",,
"2","Food services and drinking places","[722]","284","280","",,
"2","Traveller accommodation","[7211]","282","281","",,
"2","Recreational vehicle (RV) parks, recreational camps, and rooming and boarding houses","[721A]","283","281","",55,
"2","Repair and maintenance","[811]","286","285","",,
"2","Personal services and private households","[81A]","289","285","",57,
"2","Religious, grant-making, civic, and professional and similar organizations","[813]","295","285","",,
"2","Automotive repair and maintenance","[8111]","287","286","",,
"2","Repair and maintenance (except automotive)","[811A]","288","286","",56,
"2","Personal and laundry services","[812]","290","289","",,
"2","Private households","[814]","294","289","",,
"2","Funeral services","[8122]","291","290","",,
"2","Dry cleaning and laundry services","[8123]","292","290","",,
"2","Personal care services and other personal services","[812A]","293","290","",58,
"2","Religious organizations","[8131]","296","295","",,
"2","Grant-making, civic, and professional and similar organizations","[813A]","297","295","",59,
"2","Federal government public administration","[911]","299","298","",,
"2","Provincial and territorial public administration","[912]","302","298","",,
"2","Local, municipal, regional and aboriginal public administration","[91A]","303","298","",61,
"2","Defence services","[9111]","300","299","",,
"2","Federal government public administration (except defence)","[911A]","301","299","",60,
"2","Local, municipal and regional public administration","[913]","304","303","",,
"2","Aboriginal public administration","[914]","305","303","",,
"2","Diamond mining","[212392]","36","309","",,
"2","Potash mining","[212396]","37","309","",,
"2","Other non-metallic mineral mining and quarrying (except diamond and potash)","[21239A]","38","309","",18,
"2","Engineering construction","[23C]","50","310","",22,
"2","Other activities of the construction industry","[23E]","57","310","",22,
"2","Motor vehicle manufacturing","[3361]","138","312","",,
"2","Motor vehicle body and trailer manufacturing","[3362]","141","312","",,
"2","Motor vehicle parts manufacturing","[3363]","142","312","",,
"2","Newspaper publishers","[51111]","204","313","",,
"2","Periodical, book and directory publishers","[5111A]","205","313","",37,
"2","Monetary authorities - central bank","[521]","219","315","",,
"2","Insurance carriers and related activities","[524]","224","315","",,
"2","Financial investment services, funds and other financial vehicles","[52A]","227","315","",41,
"2","Credit intermediation and related activities","[522]","316","315","",,
"2","Depository credit intermediation","[5221]","317","316","",,
"2","Non-depository credit intermediation and activities related to credit intermediation","[522A]","318","316","",70,
"2","Local credit unions","[52213]","220","317","",,
"2","Banking and other depository credit intermediation","[5221A]","221","317","",40,
"2","Non-depository credit intermediation","[5222]","222","318","",,
"2","Activities related to credit intermediation","[5223]","223","318","",,
"2","Office administrative services","[5611]","252","320","",,
"2","Employment services","[5613]","253","320","",,
"2","Business support services","[5614]","254","320","",,
"2","Facilities and other support services","[561A]","258","320","",48,
"2","Cannabis sector (licensed)","[T022]","323","322","",92,
"2","Cannabis sector (unlicensed)","[T023]","324","322","",93,
"2","Greenhouse, nursery and floriculture production (except cannabis)","[1114A]","14","326","",96,
"2","Crop production (except cannabis, greenhouse, nursery and floriculture production)","[111A]","15","326","",16,
"2","Cannabis production (licensed)","[111CL]","328","327","",88,
"2","Cannabis production (unlicensed)","[111CU]","329","327","",89,
"2","Cannabis stores (licensed)","[453BL]","333","332","",90,
"2","Cannabis stores (unlicensed)","[453BU]","334","332","",91,
"2","All industries","[T001]","1","","",5,

Symbol Legend
Description,Symbol
"not available for a specific reference period","..",
"less than the limit of detection","<LOD",
"value rounded to 0 (zero) where there is a meaningful distinction between true zero and the value that was rounded","0s",
"data quality: excellent","A",
"data quality: very good","B",
"data quality: good","C",
"data quality: acceptable","D",
"use with caution","E",
"too unreliable to be published","F",
"not applicable","...",
"preliminary","p",
"revised","r",
"suppressed to meet the confidentiality requirements of the Statistics Act","x",
"terminated","t",

"Survey Code","Survey Name"
"1401","Supply, Use and Input-Output Tables"

"Subject Code","Subject Name"
"36","Economic accounts"

"Note ID",Note
1,"This table replaces tables 36-10-0394 and 36-10-0395. Data in this table are not fully comparable with those previously published."
5,"Aggregate T001 combines the North American Industry Classification System (NAICS) codes 11-91."
6,"Aggregate T002 combines the North American Industry Classification System (NAICS) codes 11-33."
7,"Aggregate T003 combines the North American Industry Classification System (NAICS) codes 41-91."
8,"Aggregate T010 combines the North American Industry Classification System (NAICS) codes 21, 22, 31-33, 562."
9,"Aggregate T011 combines the North American Industry Classification System (NAICS) codes 311-316, 322-326."
10,"Aggregate T012 combines the North American Industry Classification System (NAICS) codes 321, 327-339."
11,"Aggregate T013 combines the North American Industry Classification System (NAICS) code 334, excluding 3345, 4173, 5112, 517, 518, 5415, 8112."
12,"Aggregate T014 combines the North American Industry Classification System (NAICS) code 334, excluding 3345."
13,"Aggregate T015 combines the North American Industry Classification System (NAICS) codes 4173, 5112, 517, 518, 5415, 8112."
14,"Aggregate T016 combines the North American Industry Classification System (NAICS) codes 211, 2121, 21229, 213111, 213118, 2211, 2212, 32411, 486."
15,"Aggregate 11A combines the North American Industry Classification System (NAICS) codes 111, 112."
16,"Industry 111A combines the North American Industry Classification System (NAICS) code 111, excluding 1114."
17,"Industry 115A combines the North American Industry Classification System (NAICS) codes 1151, 1152."
18,"Industry 21239A combines the North American Industry Classification System (NAICS) codes 212393, 212394, 212395, 212397, 212398."
19,"Industry 21311A combines the North American Industry Classification System (NAICS) codes 213111, 213118."
20,"Industry 21311B combines the North American Industry Classification System (NAICS) codes 213117, 213119."
21,"Aggregate 221A combines the North American Industry Classification System (NAICS) codes 2212, 2213."
22,"Industries in sector 23 are special hybrids that correspond to sections of the North American Industry Classification System (NAICS) code 23."
23,"Aggregate 311A combines the North American Industry Classification System (NAICS) codes 3112, 3118, 3119."
24,"Industry 3121A combines the North American Industry Classification System (NAICS) codes 31213, 31214."
25,"Industry 31A combines the North American Industry Classification System (NAICS) codes 313, 314."
26,"Industry 31B combines the North American Industry Classification System (NAICS) codes 315, 316."
27,"Industry 3241A combines the North American Industry Classification System (NAICS) code 324, excluding 32411."
28,"Aggregate 325A combines the North American Industry Classification System (NAICS) codes 3255, 3256, 3259."
29,"Industry 327A combines the North American Industry Classification System (NAICS) code 327, excluding 3273."
30,"Industry 332A combines the North American Industry Classification System (NAICS) codes 3322, 3329."
31,"Aggregate 333A combines the North American Industry Classification System (NAICS) codes 3332, 3333."
32,"Industry 334A combines the North American Industry Classification System (NAICS) codes 3343, 3345, 3346."
33,"Aggregate 48Z combines the North American Industry Classification System (NAICS) codes 485, 487."
34,"Industry 48A combines the North American Industry Classification System (NAICS) codes 4852, 4854, 4855, 4859, 487."
35,"Industry 486A combines the North American Industry Classification System (NAICS) codes 4861, 4869."
36,"Aggregate 49A combines the North American Industry Classification System (NAICS) codes 491, 492."
37,"Industry 5111A combines the North American Industry Classification System (NAICS) codes 51112, 51113, 51114, 51119."
38,"Industry 5121A combines the North American Industry Classification System (NAICS) codes 51211, 51212, 51219."
39,"Aggregate 52B combines the North American Industry Classification System (NAICS) codes 521, 5221."
40,"Industry 5221A combines the North American Industry Classification System (NAICS) codes 52211, 52219."
41,"Industry 52A combines the North American Industry Classification System (NAICS) codes 523, 526."
43,"Owner-occupied dwellings (industry 5311A) is defined as resident households who own the dwelling where they reside and who are considered for purpose of the National Accounts to receive an income in kind equivalent to the market rental value of their dwelling."
44,"Industry 531A combines the North American Industry Classification System (NAICS) codes 5312, 5313."
45,"Industry 532A combines the North American Industry Classification System (NAICS) code 532, excluding 5321."
46,"Aggregate 541A combines the North American Industry Classification System (NAICS) codes 5411, 5412."
47,"Aggregate 541B combines the North American Industry Classification System (NAICS) codes 5414, 5416, 5417, 5419."
48,"Industry 561A combines the North American Industry Classification System (NAICS) codes 5612, 5619."
49,"Aggregate 611B combines the North American Industry Classification System (NAICS) code 61, excluding 6113."
50,"Industry 611A combines the North American Industry Classification System (NAICS) codes 6114-6117."
51,"Aggregate 62X combines the North American Industry Classification System (NAICS) code 62, excluding 624."
52,"Industry 621A combines the North American Industry Classification System (NAICS) codes 6213, 6214, 6215, 6216, 6219."
53,"Industry 71A combines the North American Industry Classification System (NAICS) codes 711, 712."
54,"Industry 713A combines the North American Industry Classification System (NAICS) codes 7131, 7139."
55,"Industry 721A combines the North American Industry Classification System (NAICS) codes 7212, 7213."
56,"Industry 811A combines the North American Industry Classification System (NAICS) codes 8112, 8113, 8114."
57,"Aggregate 81A combines the North American Industry Classification System (NAICS) codes 812, 814."
58,"Industry 812A combines the North American Industry Classification System (NAICS) codes 8121, 8129."
59,"Industry 813A combines the North American Industry Classification System (NAICS) code 813, excluding 8131."
60,"Industry 911A combines the North American Industry Classification System (NAICS) code 911, excluding 9111."
61,"Aggregate 91A combines the North American Industry Classification System (NAICS) codes 913, 914."
62,"With the November 10, 2015 release, the industry structure shows the Aquaculture industry (NAICS 1125) and Animal production (excluding aquaculture) (Industry 112A) separately, which were previously combined under the Animal production industry (NAICS 112)."
63,"Industry 112A combines the North American Industry Classification System (NAICS) code 112, excluding 1125."
64,"Aggregate T018 combines the North American Industry Classification System (NAICS) codes 61, 62, 91."
65,"Aggregate 23X combines industry codes 23C, 23E."
66,"Aggregate 325B combines the North American Industry Classification System (NAICS) codes 3252, 3255."
67,"Aggregate 336Y combines the North American Industry Classification System (NAICS) codes 3361, 3362, 3363."
68,"Aggregate 51A combines the North American Industry Classification System (NAICS) codes 5152, 517, 519."
69,"Aggregate 52X combines the North American Industry Classification System (NAICS) codes 521, 522."
70,"Aggregate 522A combines the North American Industry Classification System (NAICS) codes 5222, 5223."
71,"Industry 53A combines the North American Industry Classification System (NAICS) codes 533, 532, excluding 5321."
72,"Aggregate 561B combines the North American Industry Classification System (NAICS) codes 5611, 5612, 5613, 5614, 5619."
73,"The gross domestic product (GDP) estimates for the period 1997 to 2006 have been revised to improve the time series continuity of the GDP by industry measures."
74,"Aggregate 453X combines industry codes 453A, 453BL."
75,"Aggregate T020 combines the North American Industry Classification System (NAICS) codes 11-91, excluding codes 111412, 111995, 453993."
76,"Aggregate T021 combines the North American Industry Classification System (NAICS) codes 111412, 111995, 453993."
77,"With May 1, 2019 release, the gross domestic product (GDP) by industry adopted the <a href="https://www.statcan.gc.ca/eng/subjects/standard/naics/2017/v3/index">North American Industry Classification System (NAICS) Canada 2017 version 3.0</a>."
78,"Aggregate 453B is equivalent to the North American Industry Classification System (NAICS) code 453993."
79,"Aggregate 111X combines the North American Industry Classification System (NAICS) codes 111, excluding codes 111412, 111995."
80,"Aggregate 111C combines the North American Industry Classification System (NAICS) codes 111412, 111995."
81,"Aggregate 111Y combines the North American Industry Classification System (NAICS) codes 111, excluding industry code 111CU."
82,"Aggregate 4AA combines the North American Industry Classification System (NAICS) codes 44-45, excluding 453993."
83,"Aggregate 4AZ combines the North American Industry Classification System (NAICS) codes 44-45, excluding industry code 453BU."
84,"Since October 17, 2018, the sale of cannabis for non-medical purposes is legal in Canada. The gross domestic product (GDP) by industry estimates will begin to take into account this activity and the licensed production of cannabis, as well as the unlicensed production and sale of cannabis, in the release of May 1, 2019 data. For more information, please read the article "<a href="https://www150.statcan.gc.ca/n1/pub/13-605-x/2018001/article/54969-eng.htm">Integrating the production, distribution and consumption of cannabis in the Canadian national economic accounts</a>"."
85,"With May 1, 2019 release, the gross domestic product (GDP) by industry adopted the <a href="https://www.statcan.gc.ca/eng/subjects/standard/naics/2017/v3/index">North American Industry Classification System (NAICS) Canada 2017 version 3.0</a>. As a result the conventional oil and gas extraction industry was renamed "Oil and gas extraction (except oil sands)" and recoded from 211113 to 21111."
86,"With May 1, 2019 release, the gross domestic product (GDP) by industry adopted the <a href="https://www.statcan.gc.ca/eng/subjects/standard/naics/2017/v3/index">North American Industry Classification System (NAICS) Canada 2017 version 3.0</a>. As a result the non conventional oil extraction industry was renamed "Oil sands extraction" and recoded from 211114 to 21114."
87,"With May 1, 2019 release, the gross domestic product (GDP) by industry adopted the <a href="https://www.statcan.gc.ca/eng/subjects/standard/naics/2017/v3/index">North American Industry Classification System (NAICS) Canada 2017 version 3.0</a>. As a result the industry code 453A was created "Miscellaneous store retailers (except cannabis)"."
88,"Industry 111CL covers only licensed cannabis producers in the North American Industry Classification System (NAICS) codes 111412 and 111995."
89,"Industry 111CU covers only unlicensed cannabis producers in the North American Industry Classification System (NAICS) codes 111412 and 111995."
90,"Industry 453BL covers only licensed cannabis producers in the North American Industry Classification System (NAICS) code 453993."
91,"Industry 453BU covers only unlicensed cannabis producers in the North American Industry Classification System (NAICS) code 453993."
92,"Aggregate T022 combines industry codes 111CL, 453BL."
93,"Aggregate T023 combines industry codes 111CU, 453BU."
94,"Aggregate T024 combines the North American Industry Classification System (NAICS) codes 11-91, excluding industry codes 111CU, 453BU."
95,"Industry 453A combines the North American Industry Classification System (NAICS) code 453, excluding 453993."
96,"With May 1, 2019 release, the gross domestic product (GDP) by industry adopted the <a href="https://www.statcan.gc.ca/eng/subjects/standard/naics/2017/v3/index">North American Industry Classification System (NAICS) Canada 2017 version 3.0</a>. As a result the greenhouse, nursery and floriculture production industry was renamed "Greenhouse, nursery and floriculture production (except cannabis)" and recoded from 1114 to 1114A."

"Correction ID","Correction Date","Correction Note"
