﻿"Cube Title","Product Id","CANSIM Id",URL,"Cube Notes","Archive Status",Frequency,"Start Reference Period","End Reference Period","Total number of dimensions"
"Multifactor productivity, value-added, capital input and labour input in the aggregate business sector and major sub-sectors, by industry","36100208","383-0021","https://www150.statcan.gc.ca/t1/tbl1/en/tv.action?pid=3610020801",1,"CURRENT - a cube available to the public and that is current","Annual","1961-01-01","2020-01-01","3",

"Dimension ID","Dimension name","Dimension Notes","Dimension Definitions"
"1","Geography",,""
"2","Multifactor productivity and related variables",,""
"3","North American Industry Classification System (NAICS)",,""

"Dimension ID","Member Name","Classification Code","Member ID","Parent Member ID",Terminated,"Member Notes","Member Definitions"
"1","Canada","[11124]","1","","",,
"2","Hours worked","","6","5","",7,
"2","Labour composition","","7","5","",8,
"2","Labour input of workers with primary or secondary education","","8","5","",9,
"2","Labour input of workers with some or completed post-secondary certificate or diploma","","9","5","",10,
"2","Labour input of workers with university degree or above","","10","5","",11,
"2","Capital stock","","12","11","",13,
"2","Capital composition","","13","11","",14,
"2","Capital input of information and communications technologies","","14","11","",15,
"2","Capital input of non-information and communications technologies","","15","11","",16,
"2","Labour compensation of workers with primary or secondary education","","19","18","",,
"2","Labour compensation of workers with some or completed post-secondary certificate or diploma","","20","18","",,
"2","Labour compensation of workers with university degree or above","","21","18","",,
"2","Capital cost of information and communications technologies","","23","22","",,
"2","Capital cost of non-information and communications technologies","","24","22","",,
"2","Multifactor productivity","","1","","",2,
"2","Labour productivity","","2","","",3,
"2","Capital productivity","","3","","",4,
"2","Real gross domestic product (GDP)","","4","","",5,
"2","Labour input","","5","","",6,
"2","Capital input","","11","","",12,
"2","Combined labour and capital inputs","","16","","",17,
"2","Gross domestic product (GDP)","","17","","",18,
"2","Labour compensation","","18","","",19,
"2","Capital cost","","22","","",20,
"2","Contribution of capital intensity to labour productivity growth","","25","","",21,
"2","Contribution of labour composition to labour productivity growth","","26","","",22,
"3","Administrative and support, waste management and remediation services","[56]","18","1","",,
"3","Arts, entertainment and recreation","[71]","19","1","",,
"3","Accommodation and food services","[72]","20","1","",,
"3","Other private services","","21","1","",24,
"3","Agriculture, forestry, fishing and hunting","[11]","2","1","",,
"3","Mining and oil and gas extraction","[21]","3","1","",,
"3","Utilities","[22]","4","1","",,
"3","Construction","[23]","5","1","",,
"3","Manufacturing","[31-33]","6","1","",,
"3","Wholesale trade","[41]","7","1","",,
"3","Retail trade","[44-45]","8","1","",,
"3","Transportation and warehousing","[48-49]","9","1","",,
"3","Information and cultural industries","[51]","10","1","",,
"3","Finance, insurance, real estate and renting and leasing","","11","1","",23,
"3","Professional, scientific and technical services","[54]","12","1","",,
"3","Other services (except public administration)","","13","1","t",,
"3","Business sector","","1","","",1,
"3","Business sector, goods, special aggregation","","14","","",25,
"3","Business sector, services, special aggregation","","15","","",26,
"3","Non-durable manufacturing, special aggregation","","16","","",27,
"3","Durable manufacturing, special aggregation","","17","","",28,

Symbol Legend
Description,Symbol
"not available for a specific reference period","..",
"less than the limit of detection","<LOD",
"value rounded to 0 (zero) where there is a meaningful distinction between true zero and the value that was rounded","0s",
"data quality: excellent","A",
"data quality: very good","B",
"data quality: good","C",
"data quality: acceptable","D",
"use with caution","E",
"too unreliable to be published","F",
"not applicable","...",
"preliminary","p",
"revised","r",
"suppressed to meet the confidentiality requirements of the Statistics Act","x",
"terminated","t",

"Survey Code","Survey Name"
"1402","Productivity Measures and Related Variables - National and Provincial (Annual)"

"Subject Code","Subject Name"
"36","Economic accounts"

"Note ID",Note
1,"The business sector covers the whole economy less public administration, non-profit institutions and the rental value of owner-occupied dwellings."
2,"Multifactor productivity measures the efficiency with which all inputs are used in production. It is the ratio of real gross domestic product (GDP) to combined labour and capital inputs."
3,"Labour productivity is measured as real gross domestic product (GDP) per hours worked. It shows the time profile of how productively labour is used to generate value-added. Changes in value-added-based labour productivity reflect the joint influence of capital, skill upgrading, and overall productive efficiency."
4,"Capital productivity is measured as real gross domestic product (GDP) per unit of capital services."
5,"Real gross domestic product (GDP) (or real value-added) is a chained Fisher quantity index of gross domestic product (GDP) at basic prices."
6,"Labour input is obtained by chained-Fisher aggregation of hours worked of all workers, classified by education, work experience, and class of workers (paid workers versus self-employed and unpaid family workers) using hourly compensation as weights."
7,"The number of hours worked in all jobs is the number of all jobs times the annual average hours worked in all jobs. According to the retained definition, hours worked means the total number of hours that a person spends working, whether paid or not. In general, this includes regular and overtime hours, breaks, travel time, training in the workplace and time lost in brief work stoppages where workers remain at their posts. On the other hand, time lost due to strikes, lockouts, annual vacation, public holidays, sick leave, maternity leave or leave for personal needs are not included in total hours worked."
8,"Labour composition is the ratio of labour input to hours worked. Changes in labour composition reflect the shifts in the educational attainment and work experience of the workforce."
9,"Labour input of workers with primary or secondary education is obtained by chained-Fisher aggregation of hours worked of those workers, classified by work experience, and class of workers (paid workers versus self-employed and unpaid family workers) using hourly compensation as weights."
10,"Labour input of workers with some or completed postsecondary certificate or diploma is obtained by chained-Fisher aggregation of hours worked of those workers, classified by work experience, and class of workers (paid workers versus self-employed and unpaid family workers) using hourly compensation as weights. Workers with some or completed postsecondary certificate or diploma include those who attended university but did not obtain a Bachelor's degree."
11,"Labour input of workers with university degree or above is obtained by chained-Fisher aggregation of hours worked of those workers, classified by work experience, and class of workers (paid workers vs. self-employed and unpaid family workers) using hourly compensation as weights."
12,"Capital input measures the services derived from the stock of fixed reproducible business assets (equipment and structures), inventories, and land. It is obtained by chained-Fisher aggregation of capital stocks using the cost of capital to determine weights."
13,"Capital stocks for fixed reproducible assets are estimated using the perpetual inventory method that assumes that investments follow geometric depreciation patterns. Capital stocks for inventories and land are measured by methods other than the perpetual inventory method."
14,"Capital composition is the ratio of capital input to capital stock. Capital composition increases as investment shifts towards assets with short lived assets (such as equipment) that provide more capital services per dollar of capital stock, and away from long lived assets (such as office buildings)."
15,"Capital input of information and communications technologies measures the services derived from computer hardware, software and telecommunication equipment.  It is obtained by chained-Fisher aggregation of those assets using the cost of capital to determine weights."
16,"Capital input of non-information and communications technologies measures the services derived from assets other than computer hardware, software and telecommunication equipment.  It is obtained by chained-Fisher aggregation of those assets using the cost of capital to determine weights."
17,"Combined labour and capital inputs are obtained by chained-Tornqivst aggregation of labour and capital input using cost shares of labour and capital as weights."
18,"Gross domestic product (GDP) is valued at basic prices. It is calculated as gross output at basic prices minus intermediate inputs at purchaser prices. Data on gross domestic product (GDP) are available up to the most current year of the input-output table."
19,"Labour compensation consists of all payments in cash or in kind made by domestic producers to workers for services rendered - in other words, total payroll. It includes the salaries and supplementary labour income of paid workers, plus an imputed labour income of self-employed workers. Data on labour compensation are available up to the most current year of the input-output table."
20,"Capital cost represents the surplus-profits, depreciation, rent, and net interest-intended as compensation to the owners of capital. It is calculated as nominal gross domestic product (GDP) at basic prices minus labour compensation. Data on capital income are available up to the most current year of the input-output table."
21,"Contribution of capital intensity to labour productivity growth is calculated as the growth in capital services per hour times capital's share of total costs. It reflects the effects of capital investment on labour productivity growth."
22,"Contribution of labour composition to labour productivity growth is calculated as the growth rate of labour composition times labour's share of total costs. It reflects the effects on labour productivity growth of skill upgrading as measured by increases in the experience and education composition of the workforce."
23,"This combines the North American Industry Classification System (NAICS) codes 52-53 with the exception of owner-occupied dwellings industry."
24,"This combines parts of the North American Industry Classification System (NAICS) codes 61, 62, 81."
25,"This combines the North American Industry Classification System (NAICS) codes 11, 21, 22, 23, 31-33."
26,"This combines the North American Industry Classification System (NAICS) codes 41, 44-45, 48-49, 51, 52, 53, 54, 55, 56, 61, 62, 71, 72, 81 with the exception of owner-occupied dwellings industry."
27,"This combines the North American Industry Classification System (NAICS) codes 311-316, 322-326."
28,"This combines the North American Industry Classification System (NAICS) codes 321, 327, 331-337, 339."

"Correction ID","Correction Date","Correction Note"
