﻿"Cube Title","Product Id","CANSIM Id",URL,"Cube Notes","Archive Status",Frequency,"Start Reference Period","End Reference Period","Total number of dimensions"
"Union status by industry","14100132","282-0223","https://www150.statcan.gc.ca/t1/tbl1/en/tv.action?pid=1410013201",16;17,"CURRENT - a cube available to the public and that is current","Annual","1997-01-01","2022-01-01","4",

"Dimension ID","Dimension name","Dimension Notes","Dimension Definitions"
"1","Geography",15,""
"2","Union status",,""
"3","North American Industry Classification System (NAICS)",5,""
"4","Sex",,""

"Dimension ID","Member Name","Classification Code","Member ID","Parent Member ID",Terminated,"Member Notes","Member Definitions"
"1","Canada","[11124]","1","","",,
"2","Employees who are union members and/or covered by a collective agreement","","2","1","",1,
"2","Union coverage rate (by a collective agreement)","","3","1","",2,
"2","Employees who are union members","","4","1","",3,
"2","Unionization rate","","5","1","",4,
"2","Total employees","","1","","",,
"3","Goods-producing sector","","2","1","",8,
"3","Services-producing sector","","8","1","",9,
"3","Public sector","","20","1","",13,
"3","Private sector","","21","1","",14,
"3","Agriculture","[111-112, 1100, 1151-1152]","3","2","",10,
"3","Forestry, fishing, mining, quarrying, oil and gas","[21, 113-114, 1153, 2100]","4","2","",11;12,
"3","Utilities","[22]","5","2","",,
"3","Construction","[23]","6","2","",,
"3","Manufacturing","[31-33]","7","2","",,
"3","Wholesale and retail trade","[41, 44-45]","9","8","",,
"3","Transportation and warehousing","[48-49]","10","8","",,
"3","Finance, insurance, real estate, rental and leasing","[52-53]","11","8","",,
"3","Professional, scientific and technical services","[54]","12","8","",,
"3","Business, building and other support services","[55-56]","13","8","",6,
"3","Educational services","[61]","14","8","",,
"3","Health care and social assistance","[62]","15","8","",,
"3","Information, culture and recreation","[51, 71]","16","8","",,
"3","Accommodation and food services","[72]","17","8","",,
"3","Other services (except public administration)","[81]","18","8","",,
"3","Public administration","[91]","19","8","",,
"3","Total employees, all industries","","1","","",7,
"4","Males","","2","1","",,
"4","Females","","3","1","",,
"4","Both sexes","","1","","",,

Symbol Legend
Description,Symbol
"not available for a specific reference period","..",
"less than the limit of detection","<LOD",
"value rounded to 0 (zero) where there is a meaningful distinction between true zero and the value that was rounded","0s",
"data quality: excellent","A",
"data quality: very good","B",
"data quality: good","C",
"data quality: acceptable","D",
"use with caution","E",
"too unreliable to be published","F",
"not applicable","...",
"preliminary","p",
"revised","r",
"suppressed to meet the confidentiality requirements of the Statistics Act","x",
"terminated","t",

"Survey Code","Survey Name"
"3701","Labour Force Survey"

"Subject Code","Subject Name"
"14","Labour"

"Note ID",Note
1,"Employees who are members of a union and employees who are not union members but are covered by a collective agreement or union contract."
2,"Employees who are members of a union and/or covered by a collective agreement as a percentage of all employees."
3,"Employees who are members of a union."
4,"Employees who are members of a union as a percentage of all employees."
5,"Industry refers to the general nature of the business carried out by the employer for whom the respondent works (main job only). In January 1999, the industry classification switched from Standard Industrial Classification (SIC 1980) to North American Industrial Classification System (NAICS), which was quite different. For this reason, detailed historical data based on NAICS is provided going back to January 1987. Historical data have been created by imputation. Industry estimates in this table are based on the 2017 North American Industry Classification System (NAICS)."
6,"Formerly "Management of companies and administrative and other support services"."
7,"This combines the North American Industry Classification System (NAICS) codes 11 to 91."
8,"This combines the North American Industry Classification System (NAICS) codes 11 to 33."
9,"This combines the North American Industry Classification System (NAICS) codes 41 to 91."
10,"Labour Force Survey (LFS) North American Industry Classification System (NAICS) code exception: add group 1100 - Farming - not elsewhere classified (nec). When the type of farm activity cannot be distinguished between crop and livestock, (example: mixed farming)."
11,"Labour Force Survey (LFS) North American Industry Classification System (NAICS) code exception: add group 2100 - Mining - not elsewhere classified (nec). Whenever the type of mining activity cannot be distinguished."
12,"Also referred to as Natural resources."
13,"Those who work for a local, provincial or federal government, for a government service or agency, a crown corporation, or a government funded establishment such as a school (including universities) or hospital."
14,"Those who work as employees of a private firm or business."
15,"Excluding the territories."
16,"To ensure respondent confidentiality, estimates below a certain threshold are suppressed. For Canada, Quebec, Ontario, Alberta and British Columbia suppression is applied to all data below 1,500. The threshold level for Newfoundland and Labrador, Nova Scotia, New Brunswick, Manitoba and Saskatchewan is 500, while in Prince Edward Island, estimates under 200 are supressed. For census metropolitan areas (CMAs) and economic regions (ERs), use their respective provincial suppression levels mentioned above. Estimates are based on smaller sample sizes the more detailed the table becomes, which could result in lower data quality."
17,"Starting in 2006, enhancements to the Labour Force Survey data processing system may have introduced a level shift in some estimates, particularly for less common labour force characteristics. Use caution when comparing estimates before and after 2006. For more information, contact statcan.labour-travail.statcan@statcan.gc.ca"

"Correction ID","Correction Date","Correction Note"
